Basis,Calc_Type,Conformer_Description,Conformer_ID,Full_Name,Method,N_atoms,Name,Status,cff,dipolex,dipoley,dipolez,file_location,file_location_pathtype,molden,out,polar_pkl,qff
cc-pVQZ,no polar ders,optimized,conf1,formaldehyde,PBE0,4,FORM,done,,,,,/mnt/c/Users/vle014/OneDrive - UiT Office 365/Documents/files_fram/dftGaussian/FORM/PBE0cc_pVQZ/g16_inputFull_3q.out,absolute,,,,
cc-pVQZ,full,optimized,conf1,formaldehyde,LC-BLYP,4,FORM,done,,,,,/mnt/c/Users/vle014/OneDrive - UiT Office 365/Documents/files_fram/dftGaussian/FORM/LC_BLYPcc_pVQZ/g16_inputFull_3q.out,absolute,,,,
cc-pVQZ,full,optimized,conf1,formaldehyde,B3LYP,4,FORM,done,,,,,/mnt/c/Users/vle014/OneDrive - UiT Office 365/Documents/files_fram/dftGaussian/FORM/B3LYPcc_pVQZ/g16_inputFull_3q.out,absolute,,,,
cc-pVTZ,full,optimized,conf1,formaldehyde,B3LYP,4,FORM,done,,,,,/mnt/c/Users/vle014/OneDrive - UiT Office 365/Documents/files_fram/dftGaussian/FORM/B3LYPcc_pVTZ/g16_inputFull_3q.out,absolute,,,,
aug-cc-pVTZ,full,optimized,conf1,formaldehyde,B3LYP,4,FORM,done,,,,,/mnt/c/Users/vle014/OneDrive - UiT Office 365/Documents/files_fram/dftGaussian/FORM/B3LYPaug_cc_pVTZ/g16_inputFull_3q.out,absolute,,,,
cc-pVDZ,full,optimized,conf1,formaldehyde,B3LYP,4,FORM,done,,,,,/mnt/c/Users/vle014/OneDrive - UiT Office 365/Documents/files_fram/dftGaussian/FORM/B3LYPcc_pVDZ/g16_inputFull_3q.out,absolute,,,,
cc-pVQZ,full,optimized,conf1,formaldehyde,CAM-B3LYP,4,FORM,done,,,,,/mnt/c/Users/vle014/OneDrive - UiT Office 365/Documents/files_fram/dftGaussian/FORM/CAM_B3LYPcc_pVQZ/g16_inputFull_3q.out,absolute,,,,
cc-pVTZ,full,optimized,conf1,formaldehyde,CAM-B3LYP,4,FORM,done,,,,,/mnt/c/Users/vle014/OneDrive - UiT Office 365/Documents/files_fram/dftGaussian/FORM/CAM_B3LYPcc_pVTZ/g16_inputFull_3q.out,absolute,,,,
aug-cc-pVTZ,full,optimized,conf1,formaldehyde,CAM-B3LYP,4,FORM,done,,,,,/mnt/c/Users/vle014/OneDrive - UiT Office 365/Documents/files_fram/dftGaussian/FORM/CAM_B3LYPaug_cc_pVTZ/g16_inputFull_3q.out,absolute,,,,
cc-pVDZ,full,optimized,conf1,formaldehyde,CAM-B3LYP,4,FORM,done,,,,,/mnt/c/Users/vle014/OneDrive - UiT Office 365/Documents/files_fram/dftGaussian/FORM/CAM_B3LYPcc_pVDZ/g16_inputFull_3q.out,absolute,,,,
cc-pVQZ,full,optimized,conf1,formaldehyde,CCSD(T),4,FORM,done,/mnt/c/Users/vle014/OneDrive - UiT Office 365/Documents/files_fram/refinedc4/FORM/CCSDTcc_pVQZ/cubic,/mnt/c/Users/vle014/OneDrive - UiT Office 365/Documents/files_fram/refinedc4/FORM/CCSDTcc_pVQZ/dipolex,/mnt/c/Users/vle014/OneDrive - UiT Office 365/Documents/files_fram/refinedc4/FORM/CCSDTcc_pVQZ/dipoley,/mnt/c/Users/vle014/OneDrive - UiT Office 365/Documents/files_fram/refinedc4/FORM/CCSDTcc_pVQZ/dipolez,,absolute,/mnt/c/Users/vle014/OneDrive - UiT Office 365/Documents/files_fram/refinedc4/FORM/CCSDTcc_pVQZ/MOLDEN,/mnt/c/Users/vle014/OneDrive - UiT Office 365/Documents/files_fram/refinedc4/FORM/CCSDTcc_pVQZ/out,/mnt/c/Users/vle014/OneDrive - UiT Office 365/Documents/files_fram/refinedc4/FORM/CCSDTcc_pVQZ/polar.pkl,/mnt/c/Users/vle014/OneDrive - UiT Office 365/Documents/files_fram/refinedc4/FORM/CCSDTcc_pVQZ/quartic
cc-pVQZ,full,optimized,conf1,formic acid,B3LYP,5,FOAC,done,,,,,/mnt/c/Users/vle014/OneDrive - UiT Office 365/Documents/files_fram/dftGaussian/FOAC/B3LYPcc_pVQZ/g16_inputFull_3q.out,absolute,,,,
cc-pVTZ,full,optimized,conf1,formic acid,B3LYP,5,FOAC,done,,,,,/mnt/c/Users/vle014/OneDrive - UiT Office 365/Documents/files_fram/dftGaussian/FOAC/B3LYPcc_pVTZ/g16_inputFull_3q.out,absolute,,,,
aug-cc-pVTZ,full,optimized,conf1,formic acid,B3LYP,5,FOAC,done,,,,,/mnt/c/Users/vle014/OneDrive - UiT Office 365/Documents/files_fram/dftGaussian/FOAC/B3LYPaug_cc_pVTZ/g16_inputFull_3q.out,absolute,,,,
cc-pVDZ,full,optimized,conf1,formic acid,B3LYP,5,FOAC,done,,,,,/mnt/c/Users/vle014/OneDrive - UiT Office 365/Documents/files_fram/dftGaussian/FOAC/B3LYPcc_pVDZ/g16_inputFull_3q.out,absolute,,,,
cc-pVQZ,no polar ders,optimized,conf1,formic acid,PBE0,5,FOAC,done,,,,,/mnt/c/Users/vle014/OneDrive - UiT Office 365/Documents/files_fram/dftGaussian/FOAC/PBE0cc_pVQZ/g16_inputFull_3q.out,absolute,,,,
cc-pVQZ,full,optimized,conf1,formic acid,CAM-B3LYP,5,FOAC,done,,,,,/mnt/c/Users/vle014/OneDrive - UiT Office 365/Documents/files_fram/dftGaussian/FOAC/CAM_B3LYPcc_pVQZ/g16_inputFull_3q.out,absolute,,,,
cc-pVTZ,full,optimized,conf1,formic acid,CAM-B3LYP,5,FOAC,done,,,,,/mnt/c/Users/vle014/OneDrive - UiT Office 365/Documents/files_fram/dftGaussian/FOAC/CAM_B3LYPcc_pVTZ/g16_inputFull_3q.out,absolute,,,,
aug-cc-pVTZ,full,optimized,conf1,formic acid,CAM-B3LYP,5,FOAC,done,,,,,/mnt/c/Users/vle014/OneDrive - UiT Office 365/Documents/files_fram/dftGaussian/FOAC/CAM_B3LYPaug_cc_pVTZ/g16_inputFull_3q.out,absolute,,,,
cc-pVDZ,full,optimized,conf1,formic acid,CAM-B3LYP,5,FOAC,done,,,,,/mnt/c/Users/vle014/OneDrive - UiT Office 365/Documents/files_fram/dftGaussian/FOAC/CAM_B3LYPcc_pVDZ/g16_inputFull_3q.out,absolute,,,,
cc-pVQZ,full,optimized,conf1,formic acid,LC-BLYP,5,FOAC,done,,,,,/mnt/c/Users/vle014/OneDrive - UiT Office 365/Documents/files_fram/dftGaussian/FOAC/LC_BLYPcc_pVQZ/g16_inputFull_3q.out,absolute,,,,
cc-pVQZ,full,optimized,conf1,formic acid,CCSD(T),5,FOAC,done,/mnt/c/Users/vle014/OneDrive - UiT Office 365/Documents/files_fram/refinedc4/FOAC/CCSDT_cc_pVQZ/cubic,/mnt/c/Users/vle014/OneDrive - UiT Office 365/Documents/files_fram/refinedc4/FOAC/CCSDT_cc_pVQZ/dipolex,/mnt/c/Users/vle014/OneDrive - UiT Office 365/Documents/files_fram/refinedc4/FOAC/CCSDT_cc_pVQZ/dipoley,/mnt/c/Users/vle014/OneDrive - UiT Office 365/Documents/files_fram/refinedc4/FOAC/CCSDT_cc_pVQZ/dipolez,,absolute,/mnt/c/Users/vle014/OneDrive - UiT Office 365/Documents/files_fram/refinedc4/FOAC/CCSDT_cc_pVQZ/MOLDEN,/mnt/c/Users/vle014/OneDrive - UiT Office 365/Documents/files_fram/refinedc4/FOAC/CCSDT_cc_pVQZ/out,/mnt/c/Users/vle014/OneDrive - UiT Office 365/Documents/files_fram/refinedc4/FOAC/CCSDT_cc_pVQZ/polar.pkl,/mnt/c/Users/vle014/OneDrive - UiT Office 365/Documents/files_fram/refinedc4/FOAC/CCSDT_cc_pVQZ/quartic
cc-pVQZ,full,optimized,conf1,methanol,B3LYP,6,METH,done,,,,,/mnt/c/Users/vle014/OneDrive - UiT Office 365/Documents/files_fram/dftGaussian/METH/B3LYPcc_pVQZ/g16_inputFull_3q.out,absolute,,,,
cc-pVTZ,full,optimized,conf1,methanol,B3LYP,6,METH,done,,,,,/mnt/c/Users/vle014/OneDrive - UiT Office 365/Documents/files_fram/dftGaussian/METH/B3LYPcc_pVTZ/g16_inputFull_3q.out,absolute,,,,
aug-cc-pVTZ,full,optimized,conf1,methanol,B3LYP,6,METH,done,,,,,/mnt/c/Users/vle014/OneDrive - UiT Office 365/Documents/files_fram/dftGaussian/METH/B3LYPaug_cc_pVTZ/g16_inputFull_3q.out,absolute,,,,
cc-pVDZ,full,optimized,conf1,methanol,B3LYP,6,METH,done,,,,,/mnt/c/Users/vle014/OneDrive - UiT Office 365/Documents/files_fram/dftGaussian/METH/B3LYPcc_pVDZ/g16_inputFull_3q.out,absolute,,,,
cc-pVQZ,no polar ders,optimized,conf1,methanol,PBE0,6,METH,done,,,,,/mnt/c/Users/vle014/OneDrive - UiT Office 365/Documents/files_fram/dftGaussian/METH/PBE0cc_pVQZ/g16_inputFull_3q.out,absolute,,,,
cc-pVQZ,full,optimized,conf1,methanol,CAM-B3LYP,6,METH,done,,,,,/mnt/c/Users/vle014/OneDrive - UiT Office 365/Documents/files_fram/dftGaussian/METH/CAM_B3LYPcc_pVQZ/g16_inputFull_3q.out,absolute,,,,
cc-pVTZ,full,optimized,conf1,methanol,CAM-B3LYP,6,METH,done,,,,,/mnt/c/Users/vle014/OneDrive - UiT Office 365/Documents/files_fram/dftGaussian/METH/CAM_B3LYPcc_pVTZ/g16_inputFull_3q.out,absolute,,,,
aug-cc-pVTZ,full,optimized,conf1,methanol,CAM-B3LYP,6,METH,done,,,,,/mnt/c/Users/vle014/OneDrive - UiT Office 365/Documents/files_fram/dftGaussian/METH/CAM_B3LYPaug_cc_pVTZ/g16_inputFull_3q.out,absolute,,,,
cc-pVDZ,full,optimized,conf1,methanol,CAM-B3LYP,6,METH,done,,,,,/mnt/c/Users/vle014/OneDrive - UiT Office 365/Documents/files_fram/dftGaussian/METH/CAM_B3LYPcc_pVDZ/g16_inputFull_3q.out,absolute,,,,
cc-pVQZ,full,optimized,conf1,methanol,LC-BLYP,6,METH,done,,,,,/mnt/c/Users/vle014/OneDrive - UiT Office 365/Documents/files_fram/dftGaussian/METH/LC_BLYPcc_pVQZ/g16_inputFull_3q.out,absolute,,,,
cc-pVQZ,full,optimized,conf1,methanol,CCSD(T),6,METH,done,/mnt/c/Users/vle014/OneDrive - UiT Office 365/Documents/files_fram/refinedc4/METH/CCSDT_cc_pVQZ/cubic,/mnt/c/Users/vle014/OneDrive - UiT Office 365/Documents/files_fram/refinedc4/METH/CCSDT_cc_pVQZ/dipolex,/mnt/c/Users/vle014/OneDrive - UiT Office 365/Documents/files_fram/refinedc4/METH/CCSDT_cc_pVQZ/dipoley,/mnt/c/Users/vle014/OneDrive - UiT Office 365/Documents/files_fram/refinedc4/METH/CCSDT_cc_pVQZ/dipolez,,absolute,/mnt/c/Users/vle014/OneDrive - UiT Office 365/Documents/files_fram/refinedc4/METH/CCSDT_cc_pVQZ/MOLDEN,/mnt/c/Users/vle014/OneDrive - UiT Office 365/Documents/files_fram/refinedc4/METH/CCSDT_cc_pVQZ/out,/mnt/c/Users/vle014/OneDrive - UiT Office 365/Documents/files_fram/refinedc4/METH/CCSDT_cc_pVQZ/polar.pkl,/mnt/c/Users/vle014/OneDrive - UiT Office 365/Documents/files_fram/refinedc4/METH/CCSDT_cc_pVQZ/quartic
cc-pVTZ,full,optimized,conf1,methanol,CCSD(T),6,METH,done,/mnt/c/Users/vle014/OneDrive - UiT Office 365/Documents/files_fram/refinedc4/METH/CCSDT_cc_pVQZ/cubic,/mnt/c/Users/vle014/OneDrive - UiT Office 365/Documents/files_fram/refinedc4/METH/CCSDT_cc_pVQZ/dipolex,/mnt/c/Users/vle014/OneDrive - UiT Office 365/Documents/files_fram/refinedc4/METH/CCSDT_cc_pVQZ/dipoley,/mnt/c/Users/vle014/OneDrive - UiT Office 365/Documents/files_fram/refinedc4/METH/CCSDT_cc_pVQZ/dipolez,,absolute,/mnt/c/Users/vle014/OneDrive - UiT Office 365/Documents/files_fram/refinedc4/METH/CCSDT_cc_pVQZ/MOLDEN,/mnt/c/Users/vle014/OneDrive - UiT Office 365/Documents/files_fram/refinedc4/METH/CCSDT_cc_pVQZ/out,/mnt/c/Users/vle014/OneDrive - UiT Office 365/Documents/files_fram/refinedc4/METH/CCSDT_cc_pVQZ/polar.pkl,/mnt/c/Users/vle014/OneDrive - UiT Office 365/Documents/files_fram/refinedc4/METH/CCSDT_cc_pVQZ/quartic
cc-pVDZ,full,optimized,conf1,methanol,CCSD(T),6,METH,done,/mnt/c/Users/vle014/OneDrive - UiT Office 365/Documents/files_fram/refinedc4/METH/CCSDT_cc_pVQZ/cubic,/mnt/c/Users/vle014/OneDrive - UiT Office 365/Documents/files_fram/refinedc4/METH/CCSDT_cc_pVQZ/dipolex,/mnt/c/Users/vle014/OneDrive - UiT Office 365/Documents/files_fram/refinedc4/METH/CCSDT_cc_pVQZ/dipoley,/mnt/c/Users/vle014/OneDrive - UiT Office 365/Documents/files_fram/refinedc4/METH/CCSDT_cc_pVQZ/dipolez,,absolute,/mnt/c/Users/vle014/OneDrive - UiT Office 365/Documents/files_fram/refinedc4/METH/CCSDT_cc_pVQZ/MOLDEN,/mnt/c/Users/vle014/OneDrive - UiT Office 365/Documents/files_fram/refinedc4/METH/CCSDT_cc_pVQZ/out,/mnt/c/Users/vle014/OneDrive - UiT Office 365/Documents/files_fram/refinedc4/METH/CCSDT_cc_pVQZ/polar.pkl,/mnt/c/Users/vle014/OneDrive - UiT Office 365/Documents/files_fram/refinedc4/METH/CCSDT_cc_pVQZ/quartic
cc-pVQZ,full,optimized,conf1,formamide,B3LYP,6,FOMA,done,,,,,/mnt/c/Users/vle014/OneDrive - UiT Office 365/Documents/files_fram/dftGaussian/FOMA/B3LYPcc_pVQZ/g16_inputFull_3q.out,absolute,,,,
cc-pVTZ,full,optimized,conf1,formamide,B3LYP,6,FOMA,done,,,,,/mnt/c/Users/vle014/OneDrive - UiT Office 365/Documents/files_fram/dftGaussian/FOMA/B3LYPcc_pVTZ/g16_inputFull_3q.out,absolute,,,,
aug-cc-pVTZ,full,optimized,conf1,formamide,B3LYP,6,FOMA,done,,,,,/mnt/c/Users/vle014/OneDrive - UiT Office 365/Documents/files_fram/dftGaussian/FOMA/B3LYPaug_cc_pVTZ/g16_inputFull_3q.out,absolute,,,,
cc-pVDZ,full,optimized,conf1,formamide,B3LYP,6,FOMA,done,,,,,/mnt/c/Users/vle014/OneDrive - UiT Office 365/Documents/files_fram/dftGaussian/FOMA/B3LYPcc_pVDZ/g16_inputFull_3q.out,absolute,,,,
cc-pVQZ,nope,optimized,conf1,formamide,CAM-B3LYP,6,FOMA,done,,,,,/mnt/c/Users/vle014/OneDrive - UiT Office 365/Documents/files_fram/dftGaussian/FOMA/CAMB3LYPcc_pVQZ/g16_inputFull_3q.out,absolute,,,,
cc-pVQZ,hm,optimized,conf1,formamide,CCSD(T),6,FOMA,hm,/mnt/c/Users/vle014/OneDrive - UiT Office 365/Documents/files_fram/refinedc4/FOAC/CCSDT_cc_pVQZ/cubic,/mnt/c/Users/vle014/OneDrive - UiT Office 365/Documents/files_fram/refinedc4/FOAC/CCSDT_cc_pVQZ/dipolex,/mnt/c/Users/vle014/OneDrive - UiT Office 365/Documents/files_fram/refinedc4/FOAC/CCSDT_cc_pVQZ/dipoley,/mnt/c/Users/vle014/OneDrive - UiT Office 365/Documents/files_fram/refinedc4/FOAC/CCSDT_cc_pVQZ/dipolez,,absolute,/mnt/c/Users/vle014/OneDrive - UiT Office 365/Documents/files_fram/refinedc4/FOAC/CCSDT_cc_pVQZ/MOLDEN,/mnt/c/Users/vle014/OneDrive - UiT Office 365/Documents/files_fram/refinedc4/FOAC/CCSDT_cc_pVQZ/out,/mnt/c/Users/vle014/OneDrive - UiT Office 365/Documents/files_fram/refinedc4/FOAC/CCSDT_cc_pVQZ/polar.pkl,/mnt/c/Users/vle014/OneDrive - UiT Office 365/Documents/files_fram/refinedc4/FOAC/CCSDT_cc_pVQZ/quartic
cc-pVQZ,full,optimized,conf1,allene,B3LYP,7,ALLN,done,,,,,/mnt/c/Users/vle014/OneDrive - UiT Office 365/Documents/files_fram/dftGaussian/allene/B3LYPcc_pVQZ/g16_inputFull_3q.out,absolute,,,,
cc-pVQZ,nope,optimized,conf1,acetic acid,LC-BLYP,8,ACAC,done,,,,,/mnt/c/Users/vle014/OneDrive - UiT Office 365/Documents/files_fram/dftGaussian/ACAC/LC_BLYPcc_pVQZ/g16_inputFull_3q.out,absolute,,,,
cc-pVQZ,full,optimized,conf1,acetic acid,B3LYP,8,ACAC,done,,,,,/mnt/c/Users/vle014/OneDrive - UiT Office 365/Documents/files_fram/dftGaussian/ACAC/B3LYPcc_pVQZ/g16_inputFull_3q.out,absolute,,,,
cc-pVTZ,full,optimized,conf1,acetic acid,B3LYP,8,ACAC,done,,,,,/mnt/c/Users/vle014/OneDrive - UiT Office 365/Documents/files_fram/dftGaussian/ACAC/B3LYPcc_pVTZ/g16_inputFull_3q.out,absolute,,,,
aug-cc-pVTZ,full,optimized,conf1,acetic acid,B3LYP,8,ACAC,done,,,,,/mnt/c/Users/vle014/OneDrive - UiT Office 365/Documents/files_fram/dftGaussian/ACAC/B3LYPaug_cc_pVTZ/g16_inputFull_3q.out,absolute,,,,
cc-pVQZ,full,optimized,conf1,acetic acid,CAM-B3LYP,8,ACAC,done,,,,,/mnt/c/Users/vle014/OneDrive - UiT Office 365/Documents/files_fram/dftGaussian/ACAC/CAM_B3LYPcc_pVQZ/g16_inputFull_3q.out,absolute,,,,
cc-pVTZ,full,optimized,conf1,acetic acid,CAM-B3LYP,8,ACAC,done,,,,,/mnt/c/Users/vle014/OneDrive - UiT Office 365/Documents/files_fram/dftGaussian/ACAC/CAM_B3LYPcc_pVTZ/g16_inputFull_3q.out,absolute,,,,
aug-cc-pVTZ,full,optimized,conf1,acetic acid,CAM-B3LYP,8,ACAC,done,,,,,/mnt/c/Users/vle014/OneDrive - UiT Office 365/Documents/files_fram/dftGaussian/ACAC/CAM_B3LYPaug_cc_pVTZ/g16_inputFull_3q.out,absolute,,,,
cc-pVQZ,full,optimized,conf1,oxalic acid,B3LYP,8,OXAC,done,,,,,/mnt/c/Users/vle014/OneDrive - UiT Office 365/Documents/files_fram/dftGaussian/OXAC1/B3LYPcc_pVQZ/g16_inputFull_3q.out,absolute,,,,
cc-pVQZ,full,optimized,conf2,oxalic acid,B3LYP,8,OXAC,done,,,,,/mnt/c/Users/vle014/OneDrive - UiT Office 365/Documents/files_fram/dftGaussian/OXAC2/B3LYPcc_pVQZ/g16_inputFull_3q.out,absolute,,,,
cc-pVQZ,full,optimized,conf1,propylene,B3LYP,9,PRPL,done,,,,,/mnt/c/Users/vle014/OneDrive - UiT Office 365/Documents/files_fram/dftGaussian/propylene/B3LYPcc_pVQZ/g16_inputFull_3q.out,absolute,,,,
cc-pVQZ,reopt,reopt,conf1,methylnitrite_trans,B3LYP,7,MNTR,done,,,,,/mnt/c/Users/vle014/OneDrive - UiT Office 365/Documents/files_fram/dftGaussian/methylnitrite_trans/B3LYPcc_pVQZ/g16_inputFull_3q.out,absolute,,,,
cc-pVQZ,full,optimized,conf1,paradifluorobenzene,B3LYP,12,pDFB,done,,,,,/mnt/c/Users/vle014/OneDrive - UiT Office 365/Documents/files_fram/dftGaussian/pDFB/B3LYPcc_pVQZ/g16_vib_input.out,absolute,,,,
cc-pVQZ,full,optimized,conf1,formaldehyde dimer,B3LYP,8,FORD,done,,,,,/mnt/c/Users/vle014/OneDrive - UiT Office 365/Documents/files_fram/dftGaussian/FORM_dimer/B3LYPcc_pVQZ/g16_inputFull_3q.out,absolute,,,,
aug-cc-pVTZ,full,optimized,conf1,formaldehyde dimer,B3LYP,8,FORD,done,,,,,/mnt/c/Users/vle014/OneDrive - UiT Office 365/Documents/files_fram/dftGaussian/FORM_dimer/B3LYPaug_cc_pVTZ/g16_inputFull_3q.out,absolute,,,,
cc-pVQZ,full,optimized,conf1,formic acid dimer,B3LYP,10,FODM,done,,,,,/mnt/c/Users/vle014/OneDrive - UiT Office 365/Documents/files_fram/dftGaussian/FOAC_dimer/B3LYPcc_pVQZ/g16_inputFull_3q.out,absolute,,,,
cc-pVQZ,not quite,optimized,conf1,acetic acid dimer,CAM-B3LYP,16,ACDM,done,,,,,/mnt/c/Users/vle014/OneDrive - UiT Office 365/Documents/files_fram/dftGaussian/ACDM/CAM_B3LYPcc_pVQZ/g16_inputFull_3q.out,absolute,,,,
cc-pVQZ,full,optimized,conf1,acetic acid dimer,B3LYP,16,ACDM,done,,,,,/mnt/c/Users/vle014/OneDrive - UiT Office 365/Documents/files_fram/dftGaussian/ACDM/B3LYPcc_pVQZ/g16_b3lyp_corr_inputFull_3q.out,absolute,,,,
cc-pVQZ1,not quite,optimized,conf1,acetic acid dimer,B3LYP,16,ACDM,done,,,,,/mnt/c/Users/vle014/OneDrive - UiT Office 365/Documents/files_fram/dftGaussian/ACDM/B3LYPcc-pVQZ_1/bigmemj/g16_b3lyp_corr_inputFull_3q.out,absolute,,,,
cc-pVQZ,full,optimized,conf1,acetamide,B3LYP,9,ACAM,done,,,,,/mnt/c/Users/vle014/OneDrive - UiT Office 365/Documents/files_fram/dftGaussian/acetamide/B3LYPcc_pVQZ/g16_inputFull_3q.out,absolute,,,,
